LOCATION,PRICE,SIZE,DATE
2 BHK Apartment for Sale in Jaitala Nagpur,26 Lac,740 sqft,2025-07-16
2 BHK Apartment for Sale in New Manish Nagar Nagpur,43 Lac,600 sqft,2025-07-16
2 BHK Apartment for Sale in Hingna Nagpur,20 Lac,659 sqft,2025-07-16
3 BHK Apartment for Sale in Isasani Nagpur,52 Lac,905 sqft,2025-07-16
Plot/Land for Sale in Gumgaon Nagpur,39.5 Lac,1823 sqft,2025-07-16
2 BHK Apartment for Sale in Dattatray Nagar Nagpur,37 Lac,682 sqft,2025-07-16
Plot/Land for Sale in Kotewada Nagpur,79.7 Lac,3189 sqft,2025-07-16
2 BHK Apartment for Sale in Zingabai Takali Nagpur,38 Lac,800 sqft,2025-07-16
Plot/Land for Sale in Butibori Nagpur,55 Lac,1936 sqft,2025-07-16
Plot/Land for Sale in Shambhu Nagar Nagpur,31 Lac,1500 sqft,2025-07-16
Plot/Land for Sale in Mohgaon Nagpur,23.8 Lac,1440 sqft,2025-07-16
2 BHK Apartment for Sale in Mankapur Nagpur,35 Lac,63 sqm,2025-07-16
3 BHK Builder Floor for Sale in Hanuman Nagar Nagpur,90 Lac,1050 sqft,2025-07-16
2 BHK Builder Floor for Sale in Khamla Nagpur,40 Lac,1900 sqft,2025-07-16
3 BHK Apartment for Sale in Bahadura Nagpur,55 Lac,1150 sqft,2025-07-16
3 BHK Apartment for Sale in Balaji Nagar Nagpur,77 Lac,980 sqft,2025-07-16
2 BHK Apartment for Sale in Besa Nagpur,31 Lac,525 sqft,2025-07-16
4 BHK Apartment for Sale in Saroj Nagar Nagpur,1.55 Cr,1986 sqft,2025-07-16
2 BHK Apartment for Sale in Butibori Nagpur,35 Lac,1050 sqft,2025-07-16
2 BHK House for Sale in Bhilgaon Nagpur,32 Lac,900 sqft,2025-07-16
2 BHK Apartment for Sale in Pipla Nagpur,55 Lac,1007 sqft,2025-07-16
2 BHK Apartment for Sale in Vaishali Nagar Nagpur,99 Lac,1480 sqft,2025-07-16
3 BHK Apartment for Sale in naka no 10 Opposite Gurudwara Nagpur,45 Lac,1200 sqft,2025-07-16
2 BHK Apartment for Sale in Mihan Nagpur,56.3 Lac,1250 sqft,2025-07-16
3 BHK Apartment for Sale in Gandhi Nagar Nagpur,1.20 Cr,891 sqft,2025-07-16
1 BHK House for Sale in New Nandanvan Layout Nagpur,14 Lac,300 sqft,2025-07-16
Plot/Land for Sale in Mouza Sondapar Nagpur,34.8 Lac,1200 sqft,2025-07-16
2 BHK House for Sale in Koradi Road Nagpur,40 Lac,850 sqft,2025-07-16
2 BHK Apartment for Sale in Sahakar Nagar Nagpur,72 Lac,980 sqft,2025-07-16
5 BHK House for Sale in Jaripatka Nagpur,1.80 Cr,1500 sqft,2025-07-16
